{"pitch": [-3.039899710266304, 9.37873204762666, 216.43193373257787, 47.660548021702894], "energy": [-1.4898658990859985, 3.413039207458496, 55.27771647644637, 37.102476982997395]}